image_name,text,sku,product_name,quantity,sale_price,final_price,discounted_part,original_price
img_1_padded_0.jpg,"04902430779746 NX DOWNY doahoa ngotngao\nVAT10%   1    88,000.00    88,000.00 \nGia goc:   103,000.00 ",4.90243E+12, NX DOWNY doahoa ngotngao ,1,"88,000.00","88,000.00",,"103,000.00"
img_2_padded_0.jpg,"04902430418287 NX DOWNY doahoa ngotngao\nVAT10%   1    129,900.00    129,900.00 \nGia goc:   159,000.00 ",4.90243E+12, NX DOWNY doahoa ngotngao ,1,"129,900.00","129,900.00",,"159,000.00"
img_2_padded_1.jpg,"00075069154087 Thit hop Bris.Chop.Ham ck\nVAT10%   1    98,900.00    98,900.00 ",75069154087, Thit hop Bris.Chop.Ham ck ,1,"98,900.00","98,900.00",,
img_2_padded_2.jpg,"00000002952467 Thit xay kg-NCC\nVAT10%    132,000.00    9,240.00 \n0.070 KG",2952467, Thit xay kg-NCC , 0.070 KG ,"132,000.00","9,240.00",,
img_2_padded_3.jpg,"00000002950055 Cai bo xoi Kg\nVAT10%    35,000.00    9,730.00 \n0.278 KG",2950055, Cai bo xoi Kg , 0.278 KG ,"35,000.00","9,730.00",,
img_5_padded_0.jpg,"04902430779708 NX DOWNY doahoa thom mat\nVAT10%   1    88,000.00    88,000.00 \nGia goc:   103,000.00 ",4.90243E+12,NX DOWNY doahoa thom mat,1,"88,000.00","88,000.00",,"103,000.00"
img_5_padded_1.jpg,"08934868148319 NLS SunL TN chanhYuzu&sa\nVAT10%   1    34,500.00    34,500.00 ",8.93487E+12,NLS SunL TN chanhYuzu&sa,1,"34,500.00","34,500.00",,
img_6_padded_0.jpg,"04902430418287 NX DOWNY doahoa ngotngao\nVAT10%   1    129,900.00    129,900.00 \nGia goc:   159,000.00 ",4.90243E+12,NX DOWNY doahoa ngotngao,1,"129,900.00","129,900.00",,"159,000.00"
img_6_padded_1.jpg,"08934868150992 NG SURF 3in1 hoa ndoi tui\nVAT10%   2    99,900.00    199,800.00 \nGia goc:   162,000.00 ",8.93487E+12,NG SURF 3in1 hoa ndoi tui,2,"99,900.00","199,800.00",,"162,000.00"
img_6_padded_2.jpg,"08934662283070 DG FRESH giamrungtdaubuo\nVAT10%   1    99,000.00    99,000.00 ",8.93466E+12,DG FRESH giamrungtdaubuo,1,"99,000.00","99,000.00",,
img_6_padded_3.jpg,"08935063300038 LN THUANAN tim mau 200g\nVAT10%   1    16,600.00    16,600.00 ",8.93506E+12,LN THUANAN tim mau 200g,1,"16,600.00","16,600.00",,
img_6_padded_4.jpg,"08936052100295 Dau an HAPPI KOKI 2L\nVAT10%   1    49,900.00    49,900.00 \nGia goc:   58,000.00 ",8.93605E+12,Dau an HAPPI KOKI 2L,1,"49,900.00","49,900.00",,"58,000.00"
img_6_padded_5.jpg,"08936134360067 Ntuong NDdnanh len men tn\nVAT10%   1    10,000.00    10,000.00 \nGia goc:   13,300.00 ",8.93613E+12,Ntuong NDdnanh len men tn,1,"10,000.00","10,000.00",,"13,300.00"
img_6_padded_6.jpg,"08936134362726  Dau hao Nam Duong 615g\nVAT10%   1    24,800.00    24,800.00 \nGia goc:   33,000.00 ",8.93613E+12,Dau hao Nam Duong 615g,1,"24,800.00","24,800.00",,"33,000.00"
img_6_padded_7.jpg,"08934579011285 Mi MILIKET vi tom do 80g\nVAT10%   10    33,000.00    330,000.00 \nGia goc:   3,600.00 ",8.93458E+12,Mi MILIKET vi tom do 80g,10,"33,000.00","330,000.00",,"3,600.00"
img_6_padded_8.jpg,"08934679943325 Mi GAUDO vi tom & ga goi\nVAT10%   8    2,900.00    23,200.00 \nGia goc:   3,200.00 ",8.93468E+12,Mi GAUDO vi tom & ga goi,8,"2,900.00","23,200.00",,"3,200.00"
img_6_padded_9.jpg,"08935039514056 Gia vi Aji-Quick thit kho\nVAT10%   2    5,000.00    10,000.00 ",8.93504E+12,Gia vi Aji-Quick thit kho,2,"5,000.00","10,000.00",,
img_6_padded_10.jpg,"08934707011002 Gia vi thit kho KNORR goi\nVAT10%   2    5,200.00    10,400.00 \nGia goc:   6,000.00 ",8.93471E+12,Gia vi thit kho KNORR goi,2,"5,200.00","10,400.00",,"6,000.00"
img_7_padded_0.jpg,"04902430415637 NX DOWNY doahoa thom mat\nVAT10%   1    129,900.00    129,900.00 \nGia goc:   159,000.00 ",4.90243E+12,NX DOWNY doahoa thom mat,1,"129,900.00","129,900.00",,"159,000.00"
img_7_padded_1.jpg,"08936097106221 BCDR LIPZO RubyGold x.kep\nVAT10%   1    70,400.00    70,400.00 ",8.9361E+12,BCDR LIPZO RubyGold x.kep,1,"70,400.00","70,400.00",,
img_7_padded_2.jpg,"00053100338832 KDR AQUA xCleanWhiteningl\nVAT10%   1    80,800.00    80,800.00 ",53100338832,KDR AQUA xCleanWhiteningl,1,"80,800.00","80,800.00",,
img_7_padded_3.jpg,"08936066510561 KDR LIPZO gum-protect 95g\nVAT10%   1    28,200.00    28,200.00 ",8.93607E+12,KDR LIPZO gum-protect 95g,1,"28,200.00","28,200.00",,
img_7_padded_4.jpg,"08935005800015 N.khoang Lavie Sport pet\nVAT10%   1    7,000.00    7,000.00 \nGia goc:   8,500.00 ",8.93501E+12,N.khoang Lavie Sport pet,1,"7,000.00","7,000.00",,"8,500.00"
img_7_padded_5.jpg,"08934673132343 Sua dinh duong VNM it dg\nVAT10%   5    6,200.00    31,000.00 \nGia goc:   7,000.00 ",8.93467E+12,Sua dinh duong VNM it dg,5,"6,200.00","31,000.00",,"7,000.00"
img_7_padded_6.jpg,"08938505735467 Q.kaki nam short lthun QS\nVAT10%   1    109,000.00    109,000.00 ",8.93851E+12,Q.kaki nam short lthun QS,1,"109,000.00","109,000.00",,
img_9_padded_0.jpg,"04902430418287 NX DOWNY doahoa ngotngao\nVAT10%   2    129,900.00    259,800.00 \nGia goc:   159,000.00 ",4.90243E+12,NX DOWNY doahoa ngotngao,2,"129,900.00","259,800.00",,"159,000.00"
img_9_padded_1.jpg,"00000002952885 Ga ta ncon kg-SH\nVAT10%    84,000.00    101,472.00 \n1.208 KG",2952885,Ga ta ncon kg-SH, 1.208 KG ,"84,000.00","101,472.00",,
img_9_padded_2.jpg,"00000002955402 Ca com lsach kg-NCC\nVAT10%    109,000.00    21,146.00 \n0.194 KG",2955402,Ca com lsach kg-NCC, 0.194 KG ,"109,000.00","21,146.00",,
img_9_padded_3.jpg,"00000002953063 Than noi bo-NP990\nVAT10%    350,000.00    184,800.00 \n0.528 KG",2953063,Than noi bo-NP990, 0.528 KG ,"350,000.00","184,800.00",,
img_9_padded_4.jpg,"00000002953520 Xuong ga CNghiep ncon Kg\nVAT10%    22,800.00    12,084.00 \n0.530 KG",2953520,Xuong ga CNghiep ncon Kg, 0.530 KG ,"22,800.00","12,084.00",,
img_9_padded_5.jpg,"00000002955425 Ca Bac Ma kg\nVAT10%    82,000.00    109,880.00 \n1.340 KG",2955425,Ca Bac Ma kg, 1.340 KG ,"82,000.00","109,880.00",,
img_9_padded_6.jpg,"00000002954547 Tom the lon kg(50-70con/k)\nVAT10%    189,000.00    122,850.00 \n0.650 KG",2954547,Tom the lon kg(50-70con/k), 0.650 KG ,"189,000.00","122,850.00",,
img_9_padded_7.jpg,"08936117790164 Keo chanh muoi EIKODO 120\nVAT10%   1    15,000.00    15,000.00 ",8.93612E+12,Keo chanh muoi EIKODO 120,1,"15,000.00","15,000.00",,
img_10_padded_0.jpg,"04902430418287 NX DOWNY doahoa ngotngao\nVAT10%   2    129,900.00    259,800.00 \nGia goc:   159,000.00 ",4.90243E+12,NX DOWNY doahoa ngotngao,2,"129,900.00","259,800.00",,"159,000.00"
img_10_padded_1.jpg,"08934868133384 NRT Lifebuoy ctlb 180g mo\nVAT10%   1    31,000.00    31,000.00 ",8.93487E+12,NRT Lifebuoy ctlb 180g mo,1,"31,000.00","31,000.00",,
img_10_padded_2.jpg,"08934868133421 NRT Lifebuoy bbvt10-180g\nVAT10%   1    31,000.00    31,000.00 ",8.93487E+12,NRT Lifebuoy bbvt10-180g,1,"31,000.00","31,000.00",,
img_10_padded_3.jpg,"08935241701817 Moc ao inox boc nhua 5c\nVAT10%   2    39,000.00    78,000.00 \nGia goc:   52,900.00 ",8.93524E+12,Moc ao inox boc nhua 5c,2,"39,000.00","78,000.00",,"52,900.00"
img_10_padded_6.jpg,"08934585011125 Hoanh thanh tom thit TOP\nVAT10%   1    46,500.00    46,500.00 \nGia goc:   46,500.00 ",8.93459E+12,Hoanh thanh tom thit TOP,1,"46,500.00","46,500.00",,"46,500.00"
img_12_padded_0.jpg,"04902430418287 NX DOWNY doahoa ngotngao\nVAT10%   1    129,900.00    129,900.00 \nGia goc:   159,000.00 ",4.90243E+12, NX DOWNY doahoa ngotngao ,1,"129,900.00","129,900.00",,"159,000.00"
img_12_padded_1.jpg,"04902430415637 NX DOWNY doahoa thom mat\nVAT10%   1    129,900.00    129,900.00 \nGia goc:   159,000.00 ",4.90243E+12, NX DOWNY doahoa thom mat ,1,"129,900.00","129,900.00",,"159,000.00"
img_12_padded_2.jpg,"08935136860469 ST Xmen forBossGold/Luxur\nVAT10%   1    186,000.00    186,000.00 ",8.93514E+12, ST Xmen forBossGold/Luxur ,1,"186,000.00","186,000.00",,
img_12_padded_3.jpg,"08934889801163 Bo 2Sthom GLADE Lavender\nVAT10%   1    87,000.00    87,000.00 ",8.93489E+12, Bo 2Sthom GLADE Lavender ,1,"87,000.00","87,000.00",,
img_12_padded_4.jpg,"08936000330989 XP SUMO h.chanette 400ml\nVAT10%   1    42,800.00    42,800.00 ",8.936E+12, XP SUMO h.chanette 400ml ,1,"42,800.00","42,800.00",,
img_12_padded_5.jpg,"08938502122314 Tui thom SENSIA Lavender\nVAT10%   1    21,200.00    21,200.00 ",8.9385E+12, Tui thom SENSIA Lavender ,1,"21,200.00","21,200.00",,
img_12_padded_6.jpg,"08935149850815 NRC NET h.traxanh&gung 4k\nVAT10%   1    96,000.00    96,000.00 ",8.93515E+12, NRC NET h.traxanh&gung 4k ,1,"96,000.00","96,000.00",,
img_12_padded_7.jpg,"08935039505825 Hat nem AJI-NGON heo 900g\nVAT10%   1    71,500.00    71,500.00 ",8.93504E+12, Hat nem AJI-NGON heo 900g ,1,"71,500.00","71,500.00",,
img_12_padded_8.jpg,"08935039511055 Ntuong Phu Si Aji.pet 500\nVAT10%   1    16,500.00    16,500.00 ",8.93504E+12, Ntuong Phu Si Aji.pet 500 ,1,"16,500.00","16,500.00",,
img_12_padded_9.jpg,"08936035100328 Dau dnanh TUONGAN 2L\nVAT10%   1    72,600.00    72,600.00 \nGia goc:   85,500.00 ",8.93604E+12, Dau dnanh TUONGAN 2L ,1,"72,600.00","72,600.00",,"85,500.00"
img_12_padded_10.jpg,"08936136161143 Tuong ot Chinsu 500g\nVAT10%   1    22,000.00    22,000.00 ",8.93614E+12, Tuong ot Chinsu 500g ,1,"22,000.00","22,000.00",,
img_12_padded_11.jpg,"08934964100709 GVS BLESS YOU Lamour 3L 2\nVAT10%   1    115,300.00    115,300.00 \nGia goc:   124,000.00 ",8.93496E+12, GVS BLESS YOU Lamour 3L 2 ,1,"115,300.00","115,300.00",,"124,000.00"
img_12_padded_12.jpg,"08809055952270 BCDR MERMAID Nano Silver\nVAT10%   1    34,000.00    34,000.00 ",8.80906E+12, BCDR MERMAID Nano Silver ,1,"34,000.00","34,000.00",,
img_12_padded_13.jpg,"08934572249548 Xuc xich Funny Vissan 500\nVAT10%   1    39,700.00    39,700.00 ",8.93457E+12, Xuc xich Funny Vissan 500 ,1,"39,700.00","39,700.00",,
img_12_padded_14.jpg,"08934572249548 Xuc xich Funny Vissan 500\nVAT10%   1    39,700.00    39,700.00 ",8.93457E+12, Xuc xich Funny Vissan 500 ,1,"39,700.00","39,700.00",,
img_14_padded_0.jpg,"04902430415637 NX DOWNY doahoa thom mat\nVAT10%   1    129,000.00    129,000.00 \nGia goc:   159,000.00 ",4.90243E+12, NX DOWNY doahoa thom mat ,1,"129,000.00","129,000.00",,"159,000.00"
img_14_padded_1.jpg,"08935215500637 Bot tay q.ao Mao Bao 5goi\nVAT10%   1    45,000.00    45,000.00 ",8.93522E+12, Bot tay q.ao Mao Bao 5goi ,1,"45,000.00","45,000.00",,
img_16_padded_0.jpg,"08934868146025 NLS SunlightTD H.HoaLilyT\nVAT10%   1    43,700.00    43,700.00 \nGia goc:   57,000.00 ",8.93487E+12, NLS SunlightTD H.HoaLilyT ,1,"43,700.00","43,700.00",,"57,000.00"
img_16_padded_1.jpg,"04902430418287 NX DOWNY doahoa ngotngao\nVAT10%   1    129,000.00    129,000.00 \nGia goc:   159,000.00 ",4.90243E+12, NX DOWNY doahoa ngotngao ,1,"129,000.00","129,000.00",,"159,000.00"
img_16_padded_2.jpg,"08936039270300 Moc ao nhua TE TL-5009-10\nVAT10%   1    25,500.00    25,500.00 ",8.93604E+12, Moc ao nhua TE TL-5009-10 ,1,"25,500.00","25,500.00",,
img_16_padded_3.jpg,"08935313700182 Moc ao nhua tre em MS5298\nVAT10%   1    47,000.00    47,000.00 \nGia goc:   62,000.00 ",8.93531E+12, Moc ao nhua tre em MS5298 ,1,"47,000.00","47,000.00",,"62,000.00"
img_16_padded_4.jpg,"08936039271970 Kep phoi nhua hoa mai TL3\nVAT10%   1    16,500.00    16,500.00 ",8.93604E+12, Kep phoi nhua hoa mai TL3 ,1,"16,500.00","16,500.00",,
img_16_padded_5.jpg,"08934707010456 HnemKNORRt. t-x.ong&tuy1.2\nVAT10%   1    68,900.00    68,900.00 \nGia goc:   92,000.00 ",8.93471E+12, HnemKNORRt. t-x.ong&tuy1.2 ,1,"68,900.00","68,900.00",,"92,000.00"
img_16_padded_6.jpg,"08934707028406 C-Hnem knorr n.huongorgani\nVAT10%   1    37,700.00    37,700.00 ",8.93471E+12, C-Hnem knorr n.huongorgani ,1,"37,700.00","37,700.00",,
img_16_padded_7.jpg,"08934588683138 NGK Mirinda da me pet 390\nVAT10%   1    6,800.00    6,800.00 ",8.93459E+12, NGK Mirinda da me pet 390 ,1,"6,800.00","6,800.00",,
img_16_padded_8.jpg,"08936057391001 Xx Ch.cham X.F ANCO sot c\nVAT10%   2    8,700.00    17,400.00 ",8.93606E+12, Xx Ch.cham X.F ANCO sot c ,2,"8,700.00","17,400.00",,
img_18_padded_0.jpg,"08935007710411 Thau nhua Duy Tan H041 36\nVAT10%   1    16,000.00    16,000.00 ",8.93501E+12,Thau nhua Duy Tan H041 36,1,"16,000.00","16,000.00",,
img_18_padded_1.jpg,"04902430418287 NX DOWNY doahoa ngotngao\nVAT10%   1    129,900.00    129,900.00 \nGia goc:   159,000.00 ",4.90243E+12,NX DOWNY doahoa ngotngao,1,"129,900.00","129,900.00",,"159,000.00"
img_18_padded_2.jpg,"08936038071298 Khui dnang\nVAT10%   1    11,800.00    11,800.00 ",8.93604E+12,Khui dnang,1,"11,800.00","11,800.00",,
img_18_padded_3.jpg,"05999518578062 KDR AQUAFRESH Fresh&minty\nVAT10%   1    40,800.00    40,800.00 ",5.99952E+12,KDR AQUAFRESH Fresh&minty,1,"40,800.00","40,800.00",,
img_18_padded_4.jpg,"00010900000840 Giay bac nuongDIAMOND 0.3\nVAT10%   1    20,000.00    20,000.00 \nGia goc:   28,900.00 ",10900000840,Giay bac nuongDIAMOND 0.3,1,"20,000.00","20,000.00",,"28,900.00"
img_18_padded_5.jpg,"08936000910747 Nhip nho lmay NGHIA N-401\nVAT10%   1    31,000.00    31,000.00 ",8.936E+12,Nhip nho lmay NGHIA N-401,1,"31,000.00","31,000.00",,
img_18_padded_6.jpg,"08802569101424 Tui giat do lot Sungbo 52\nVAT10%   1    99,000.00    99,000.00 \nGia goc:   149,000.00 ",8.80257E+12,Tui giat do lot Sungbo 52,1,"99,000.00","99,000.00",,"149,000.00"
img_20_padded_0.jpg,"08936039440796 Ao kieu nu NT D515219.1\nVAT10%   1    179,000.00    179,000.00 ",8.93604E+12,Ao kieu nu NT D515219.1,1,"179,000.00","179,000.00",,
img_20_padded_1.jpg,"04902430779708 NX DOWNY doahoa thom mat\nVAT10%   1    88,000.00    88,000.00 \nGia goc:   103,000.00 ",4.90243E+12,NX DOWNY doahoa thom mat,1,"88,000.00","88,000.00",,"103,000.00"
img_21_padded_0.jpg,"04902430418287 NX DOWNY doahoa ngotngao\nVAT10%   1    129,900.00    129,900.00 \nGia goc:   159,000.00 ",4.90243E+12,NX DOWNY doahoa ngotngao,1,"129,900.00","129,900.00",,"159,000.00"
img_21_padded_1.jpg,"04902430415637 NX DOWNY doahoa thom mat\nVAT10%   1    129,900.00    129,900.00 \nGia goc:   159,900.00 ",4.90243E+12,NX DOWNY doahoa thom mat,1,"129,900.00","129,900.00",,"159,900.00"
img_21_padded_2.jpg,"08936009642151 Btam Coop Select BT42\nVAT10%   1    22,500.00    22,500.00 \nGia goc:   24,900.00 ",8.93601E+12,Btam Coop Select BT42,1,"22,500.00","22,500.00",,"24,900.00"
img_21_padded_3.jpg,"08935107201406 BVS KOTEX miniMeow s.mem2\nVAT10%   1    22,000.00    22,000.00 ",8.93511E+12,BVS KOTEX miniMeow s.mem2,1,"22,000.00","22,000.00",,
img_21_padded_4.jpg,"08935107201406 BVS KOTEX miniMeow s.mem2\nVAT10%   1    22,000.00    22,000.00 ",8.93511E+12,BVS KOTEX miniMeow s.mem2,1,"22,000.00","22,000.00",,
img_21_padded_5.jpg,"08938500579646 Rtai NIVA AZ3 goi 200c\nVAT10%   2    15,000.00    30,000.00 ",8.9385E+12,Rtai NIVA AZ3 goi 200c,2,"15,000.00","30,000.00",,
img_21_padded_6.jpg,"08938500579639 Rtai NIVA AZ2 goi 100c\nVAT10%   2    9,000.00    18,000.00 ",8.9385E+12,Rtai NIVA AZ2 goi 100c,2,"9,000.00","18,000.00",,
img_21_padded_7.jpg,"08938500579639 Rtai NIVA AZ2 goi 100c\nVAT10%   2    9,000.00    18,000.00 ",8.9385E+12,Rtai NIVA AZ2 goi 100c,2,"9,000.00","18,000.00",,
img_21_padded_8.jpg,"08938500579639 Rtai NIVA AZ2 goi 100c\nVAT10%   2    9,000.00    18,000.00 ",8.9385E+12,Rtai NIVA AZ2 goi 100c,2,"9,000.00","18,000.00",,
img_21_padded_9.jpg,"08936013740119 Bot banh bao MIKKO 1kg\nVAT10%   1    45,500.00    45,500.00 ",8.93601E+12,Bot banh bao MIKKO 1kg,1,"45,500.00","45,500.00",,
img_21_padded_10.jpg,"08934804035482 HN Maggi namhuong 450g+Nt\nVAT10%   1    42,500.00    42,500.00 ",8.9348E+12,HN Maggi namhuong 450g+Nt,1,"42,500.00","42,500.00",,
img_21_padded_11.jpg,"08934804035482 HN Maggi namhuong 450g+Nt\nVAT10%   1    42,500.00    42,500.00 ",8.9348E+12,HN Maggi namhuong 450g+Nt,1,"42,500.00","42,500.00",,
img_24_padded_0.jpg,"04902430418287 NX DOWNY doahoa ngotngao\nVAT10%   1    129,900.00    129,900.00 \nGia goc:   159,000.00 ",4.90243E+12,NX DOWNY doahoa ngotngao,1,"129,900.00","129,900.00",,"159,000.00"
img_25_padded_0.jpg,"04902430415637 NX DOWNY doahoa thom mat\nVAT10%   1    129,900.00    129,900.00 \nGia goc:   159,000.00 ",4.90243E+12,NX DOWNY doahoa thom mat,1,"129,900.00","129,900.00",,"159,000.00"
img_25_padded_1.jpg,"08934680012652 Snack KINH DO vi cua 32g\nVAT10%   4    6,000.00    24,000.00 ",8.93468E+12,Snack KINH DO vi cua 32g,4,"6,000.00","24,000.00",,
img_25_padded_2.jpg,"08934609602414 B.blanHURADELIsua-dau hg1\nVAT10%   1    25,700.00    25,700.00 ",8.93461E+12,B.blanHURADELIsua-dau hg1,1,"25,700.00","25,700.00",,
img_25_padded_3.jpg,"08852047237114 Keo deo TOMMY Fruity 20g\nVAT10%   1    5,400.00    5,400.00 ",8.85205E+12,Keo deo TOMMY Fruity 20g,1,"5,400.00","5,400.00",,
img_25_padded_4.jpg,"08852047237114 Keo deo TOMMY Fruity 20g\nVAT10%   1    5,400.00    5,400.00 ",8.85205E+12,Keo deo TOMMY Fruity 20g,1,"5,400.00","5,400.00",,
img_26_padded_0.jpg,"08934988150049 Dau t.luyen Coop Happy 5L\nVAT10%   1    109,000.00    109,000.00 \nGia goc:   122,000.00 ",8.93499E+12,Dau t.luyen Coop Happy 5L,1,"109,000.00","109,000.00",,"122,000.00"
img_26_padded_1.jpg,"04902430415637 NX DOWNY doahoa thom mat\nVAT10%   1    129,900.00    129,900.00 \nGia goc:   159,000.00 ",4.90243E+12,NX DOWNY doahoa thom mat,1,"129,900.00","129,900.00",,"159,000.00"
img_26_padded_2.jpg,"08936074609950 B.gao Nhat ICHI T.H.K 180\nVAT10%   1    25,900.00    25,900.00 \nGia goc:   39,500.00 ",8.93607E+12,B.gao Nhat ICHI T.H.K 180,1,"25,900.00","25,900.00",,"39,500.00"
img_27_padded_0.jpg,"04902430779708 NX DOWNY doahoa thom mat\nVAT10%   1    88,000.00    88,000.00 \nGia goc:   103,000.00 ",4.90243E+12,NX DOWNY doahoa thom mat,1,"88,000.00","88,000.00",,"103,000.00"
img_27_padded_1.jpg,"08850006932193 KDR COL nguasaurangXL250g\nVAT10%   1    35,000.00    35,000.00 ",8.85001E+12,KDR COL nguasaurangXL250g,1,"35,000.00","35,000.00",,
img_27_padded_2.jpg,"08938501897343 Dep massage MT14\nVAT10%   1    78,000.00    78,000.00 ",8.9385E+12,Dep massage MT14,1,"78,000.00","78,000.00",,
img_27_padded_3.jpg,"08938501897398 Dep massage MT17\nVAT10%   1    78,000.00    78,000.00 ",8.9385E+12,Dep massage MT17,1,"78,000.00","78,000.00",,
img_28_padded_0.jpg,"04902430415637 NX DOWNY doahoa thom mat\nVAT10%   1    129,900.00    129,900.00 \nGia goc:   159,000.00 ",4.90243E+12,NX DOWNY doahoa thom mat,1,"129,900.00","129,900.00",,"159,000.00"
img_30_padded_0.jpg,"04902430415637 NX DOWNY doahoa thom mat\nVAT10%   1    129,900.00    129,900.00 \nGia goc:   159,000.00 ",4.90243E+12,NX DOWNY doahoa thom mat,1,"129,900.00","129,900.00",,"159,000.00"
img_31_padded_2.jpg,"04902430415637 NX DOWNY doahoa thom mat\nVAT10%   1    129,900.00    129,900.00 \nGia goc:   159,000.00 ",4.90243E+12,NX DOWNY doahoa thom mat,1,"129,900.00","129,900.00",,"159,000.00"
img_31_padded_3.jpg,"04902430415637 NX DOWNY doahoa thom mat\nVAT10%   1    129,900.00    129,900.00 \nGia goc:   159,000.00 ",4.90243E+12,NX DOWNY doahoa thom mat,1,"129,900.00","129,900.00",,"159,000.00"
img_31_padded_4.jpg,"08935049009030 Cream dac cd NUTI do hg 1\nVAT10%   1    42,000.00    42,000.00 \nGia goc:   60,000.00 ",8.93505E+12,Cream dac cd NUTI do hg 1,1,"42,000.00","42,000.00",,"60,000.00"
img_31_padded_5.jpg,"08934572029003 Bo 2 lat 3bmai VISS. ck15\nVAT10%   1    14,700.00    14,700.00 ",8.93457E+12,Bo 2 lat 3bmai VISS. ck15,1,"14,700.00","14,700.00",,
img_31_padded_6.jpg,"08935059440687 Xxich tiet trung Gold CP\nVAT10% 1   22,800.00    22,800.00 ",8.93506E+12,Xxich tiet trung Gold CP,1,"22,800.00","22,800.00",,
img_33_padded_2.jpg,"08934868148296 NLS SunL TN chanhYuzu&sa\nVAT10%   1    85,000.00    85,000.00 \nGia goc:   99,000.00 ",8.93487E+12,NLS SunL TN chanhYuzu&sa,1,"85,000.00","85,000.00",,"99,000.00"
img_33_padded_3.jpg,"04902430418287 NX DOWNY doa hoat ngotngao\nVAT10%   1    129,900.00    129,900.00 \nGia goc:   159,000.00 ",4.90243E+12,NX DOWNY doa hoat ngotngao,1,"129,900.00","129,900.00",,"159,000.00"
img_33_padded_4.jpg,"04902430415637 NX DOWNY doa hoa thom mat\nVAT10%   1    129,900.00    129,900.00 \nGia goc:   159,000.00 ",4.90243E+12,NX DOWNY doa hoa thom mat,1,"129,900.00","129,900.00",,"159,000.00"
img_34_padded_0.jpg,"08934868148975 BG OMO Cf Tdt N.nan vang4\nVAT10%   1    153,900.00    153,900.00 \nGia goc:   189,000.00 ",8.93487E+12,BG OMO Cf Tdt N.nan vang4,1,"153,900.00","153,900.00",,"189,000.00"
img_34_padded_1.jpg,"04902430779746 NX DOWNY doahoa ngotngao\nVAT10%   1    88,000.00    88,000.00 \nGia goc:   103,000.00 ",4.90243E+12,NX DOWNY doahoa ngotngao,1,"88,000.00","88,000.00",,"103,000.00"
img_35_padded_0.jpg,"08934868168860 NX COMFORTn.h t.n SOPHIA\nVAT10%   1    82,900.00    82,900.00 \nGia goc:   103,000.00 ",8.93487E+12,NX COMFORTn.h t.n SOPHIA,1,"82,900.00","82,900.00",,"103,000.00"
img_35_padded_1.jpg,"08934868138822 NX COMFORT nhtn hoa hong\nVAT10%   1    82,900.00    82,900.00 \nGia goc:   103,000.00 ",8.93487E+12,NX COMFORT nhtn hoa hong,1,"82,900.00","82,900.00",,"103,000.00"
img_35_padded_2.jpg,"08934868168860 NX COMFORTn.h t.n SOPHIA\nVAT10%   5    82,900.00    414,500.00 \nGia goc:   103,000.00 ",8.93487E+12,NX COMFORTn.h t.n SOPHIA,5,"82,900.00","414,500.00",,"103,000.00"
img_35_padded_3.jpg,"08934868138822 NX COMFORT nhtn hoa hong\nVAT10%   1    82,900.00    82,900.00 \nGia goc:   103,000.00 ",8.93487E+12,NX COMFORT nhtn hoa hong,1,"82,900.00","82,900.00",,"103,000.00"
img_35_padded_4.jpg,"08935107201376 Tquan HUGGIES Dry XXl28/X\nVAT10%   1    212,000.00    212,000.00 ",8.93511E+12,Tquan HUGGIES Dry XXl28/X,1,"212,000.00","212,000.00",,
img_35_padded_5.jpg,"02000132421177 Xay dan Yen Tran 2C\nVAT10%   1    28,000.00    28,000.00 ",2.00013E+12,Xay dan Yen Tran 2C,1,"28,000.00","28,000.00",,
img_35_padded_6.jpg,"02000132421177 Xay dan Yen Tran 2C\nVAT10%   1    28,000.00    28,000.00 ",2.00013E+12,Xay dan Yen Tran 2C,1,"28,000.00","28,000.00",,
img_36_padded_0.jpg,"04902430415637 NX DOWNY doahoa thom mat\nVAT10%   1    129,900.00    129,900.00 \nGia goc:   159,000.00 ",4.90243E+12,NX DOWNY doahoa thom mat,1,"129,900.00","129,900.00",,"159,000.00"
img_37_padded_0.jpg,"04902430418287 NX DOWNY doahoa ngotngao\nVAT10%   1    129,900.00    129,900.00 \nGia goc:   159,000.00 ",4.90243E+12,NX DOWNY doahoa ngotngao,1,"129,900.00","129,900.00",,"159,000.00"
img_37_padded_2.jpg,"08935072630652 Tau hu ca basa AGIFISH\nVAT10%   4    27,000.00    108,000.00 ",8.93507E+12,Tau hu ca basa AGIFISH,4,"27,000.00","108,000.00",,
img_37_padded_3.jpg,"00000002951514 Dua hau do loai-1\nVAT10%    20,000.00    44,400.00 \n2.220 KG",2951514,Dua hau do loai-1, 2.220 KG ,"20,000.00","44,400.00",,
img_37_padded_4.jpg,"08934804004044 Dau hao maggi chai pet 35\nVAT10%   2    22,400.00    44,800.00 ",8.9348E+12,Dau hao maggi chai pet 35,2,"22,400.00","44,800.00",,
img_37_padded_5.jpg,"00000002956473 Kho qua don thit\nVAT10%    99,000.00    32,670.00 \n0.330 KG",2956473,Kho qua don thit, 0.330 KG ,"99,000.00","32,670.00",,
img_37_padded_6.jpg,"00000002954821 S-ca basa nc bo dau tam u\nVAT10%    70,000.00    34,440.00 \n0.492 KG",2954821,S-ca basa nc bo dau tam u, 0.492 KG ,"70,000.00","34,440.00",,
img_37_padded_7.jpg,"00000002955421 Ca Phen Kg\nVAT10%    230,000.00    86,480.00 \n0.376 KG",2955421,Ca Phen Kg, 0.376 KG ,"230,000.00","86,480.00",,
img_37_padded_8.jpg,"00000002960136 File ca hoi con da Uc kg\nVAT10%    399,000.00    47,082.00 \n0.118 KG",2960136,File ca hoi con da Uc kg, 0.118 KG ,"399,000.00","47,082.00",,
img_37_padded_9.jpg,"00000002953076 Thit file bo kg\nVAT10%    260,000.00    79,040.00 \n0.304 KG",2953076,Thit file bo kg, 0.304 KG ,"260,000.00","79,040.00",,
img_37_padded_10.jpg,"00000002951283 Nam bao ngu xam kg\nVAT10%    52,000.00    18,720.00 \n0.360 KG",2951283,Nam bao ngu xam kg, 0.360 KG ,"52,000.00","18,720.00",,
img_37_padded_11.jpg,"00000002950194 Rau hon hop kg\nVAT10%    49,000.00    2,940.00 \n0.060 KG",2950194,Rau hon hop kg, 0.060 KG ,"49,000.00","2,940.00",,
img_37_padded_12.jpg,"00000002950207 Hanh la kg\nVAT10%    46,300.00    7,176.00 \n0.155 KG",2950207,Hanh la kg, 0.155 KG ,"46,300.00","7,176.00",,
img_37_padded_14.jpg,"05099864008654 TPBS GROW Gold vani 4x180\nVAT10%   5    55,500.00    277,500.00 \nGia goc:   60,900.00 ",5.09986E+12,TPBS GROW Gold vani 4x180,5,"55,500.00","277,500.00",,"60,900.00"
img_37_padded_15.jpg,"08938502525078 Banh bao trung muoi TPHAT\nVAT10%   1    34,000.00    34,000.00 ",8.9385E+12,Banh bao trung muoi TPHAT,1,"34,000.00","34,000.00",,
img_38_padded_0.jpg,"04902430418287 NX DOWNY doahoa ngotngao\nVAT10%   1    129,900.00    129,900.00 \nGia goc:   159,000.00 ",4.90243E+12,NX DOWNY doahoa ngotngao,1,"129,900.00","129,900.00",,"159,000.00"
img_39_padded_0.jpg,"04902430779746 NX DOWNY doahoa ngotngao\nVAT10%   1    88,000.00    88,000.00 \nGia goc:   103,000.00 ",4.90243E+12,NX DOWNY doahoa ngotngao,1,"88,000.00","88,000.00",,"103,000.00"
img_41_padded_0.jpg,"08936081293128 TPBS Y.M nchat al X.An hu\nVAT10%   1    147,500.00    147,500.00 ",8.93608E+12,TPBS Y.M nchat al X.An hu,1,"147,500.00","147,500.00",,
img_41_padded_1.jpg,"08936036026542 B.gao ORION tao bien 174.\nVAT10%   1    29,700.00    29,700.00 ",8.93604E+12,B.gao ORION tao bien 174.,1,"29,700.00","29,700.00",,
img_41_padded_2.jpg,"08936036026542 B.gao ORIon tao bien 174\nVAT10%   1    29,700.00    29,700.00 ",8.93604E+12,B.gao ORIon tao bien 174,1,"29,700.00","29,700.00",,
img_41_padded_3.jpg,"08936036027044 B.gao ORION vi ca Nhat 11\nVAT10%   2    28,600.00    57,200.00 ",8.93604E+12,B.gao ORION vi ca Nhat 11,2,"28,600.00","57,200.00",,
img_41_padded_4.jpg,"08935250401012 GVS E'MOS Premium 2L 2Cx5\nVAT10%   1    81,000.00    81,000.00 ",8.93525E+12,GVS E'MOS Premium 2L 2Cx5,1,"81,000.00","81,000.00",,
img_41_padded_5.jpg,"08934669300077 BG LIX Extra chanh 6kg\nVAT10%   1    106,000.00    106,000.00 \nGia goc:   160,500.00 ",8.93467E+12,BG LIX Extra chanh 6kg,1,"106,000.00","106,000.00",,"160,500.00"
img_41_padded_6.jpg,"04902430418287 NX DOWNY doahoa ngot ngao\nVAT10%   1    129,900.00    129,900.00 \nGia goc:   159,000.00 ",4.90243E+12,NX DOWNY doahoa ngot ngao,1,"129,900.00","129,900.00",,"159,000.00"
img_41_padded_7.jpg,"04902430849357 NG ARIELmatic giumau tui13\nVAT10%   1    159,600.00    159,600.00 \nGia goc:   195,000.00 ",4.90243E+12,NG ARIELmatic giumau tui13,1,"159,600.00","159,600.00",,"195,000.00"
img_41_padded_8.jpg,"04902430849357 NG ARIELmatic giumau tui13\nVAT10%   1    159,600.00    159,600.00 \nGia goc:   195,000.00 ",4.90243E+12,NG ARIELmatic giumau tui13,1,"159,600.00","159,600.00",,"195,000.00"
img_41_padded_9.jpg,"08936013330266 Kgiay uot Mamamy k.mui 80\nVAT10%   1    39,000.00    39,000.00 ",8.93601E+12,Kgiay uot Mamamy k.mui 80,1,"39,000.00","39,000.00",,
img_41_padded_10.jpg,"08936013330266 Kgiay uot Mamamy k.mui 80\nVAT10%   1    39,000.00    39,000.00 ",8.93601E+12,Kgiay uot Mamamy k.mui 80,1,"39,000.00","39,000.00",,
img_41_padded_11.jpg,"08935107200560 Mlot Huggies dry NB1-100M\nVAT10%   1    132,500.00    132,500.00 ",8.93511E+12,Mlot Huggies dry NB1-100M,1,"132,500.00","132,500.00",,
img_42_padded_0.jpg,"04902430415637 NX DOWNY doahoa thommat\nVAT10%   1    129,900.00    129,900.00 \nGia goc:   159,000.00 ",4.90243E+12,NX DOWNY doahoa thommat,1,"129,900.00","129,900.00",,"159,000.00"
img_44_padded_0.jpg,"04902430415637 NX DOWNY doa hoa thom mat\nVAT10%   1    129,900.00    129,900.00 \nGia goc:   159,000.00 ",4.90243E+12,NX DOWNY doa hoa thom mat,1,"129,900.00","129,900.00",,"159,000.00"
img_46_padded_0.jpg,"04902430415637 NX DOWNY doahoa thom mat\nVAT10%   1    129,900.00    129,900.00 \nGia goc:   159,000.00 ",4.90243E+12,NX DOWNY doahoa thom mat,1,"129,900.00","129,900.00",,"159,000.00"
img_46_padded_1.jpg,"04902430418287 NX DOWNY doahoa ngotngao\nVAT10%   1    129,900.00    129,900.00 \nGia goc:   159,000.00 ",4.90243E+12,NX DOWNY doahoa ngotngao,1,"129,900.00","129,900.00",,"159,000.00"
img_46_padded_2.jpg,"08934669300077 BG LIX Extra chanh 6kg\nVAT10%   1    106,000.00    106,000.00 \nGia goc:   160,500.00 ",8.93467E+12,BG LIX Extra chanh 6kg,1,"106,000.00","106,000.00",,"160,500.00"
img_46_padded_3.jpg,"08934988010046 Dan an NEPTUNE 5L\nVAT10%   1    205,900.00    205,900.00 \nGia goc:   225,800.00 ",8.93499E+12,Dan an NEPTUNE 5L,1,"205,900.00","205,900.00",,"225,800.00"
img_46_padded_4.jpg,"08934822821333 S-biaTIGER Crystal loc6x3\nVAT10%   2    90,000.00    180,000.00 \nGia goc:   95,000.00 ",8.93482E+12,S-biaTIGER Crystal loc6x3,2,"90,000.00","180,000.00",,"95,000.00"
img_46_padded_5.jpg,"09415007042235 TPBSA.GOLD Movepro vani h\nVAT10%   1    368,600.00    368,600.00 ",9.41501E+12,TPBSA.GOLD Movepro vani h,1,"368,600.00","368,600.00",,
img_46_padded_6.jpg,"08935049009207 Cream dac cdNUTIxanhla hg\nVAT10%   2    18,000.00    36,000.00 ",8.93505E+12,Cream dac cdNUTIxanhla hg,2,"18,000.00","36,000.00",,
img_46_padded_7.jpg,"08934579100453 Mi MILIKET 2tom g.vang 65\nVAT10%   5    2,700.00    13,500.00 ",8.93458E+12,Mi MILIKET 2tom g.vang 65,5,"2,700.00","13,500.00",,
img_46_padded_8.jpg,"08934684026570 Mi chay HUONGSEN 85g\nVAT10%   2    5,200.00    10,400.00 \nGia goc:   5,200.00 ",8.93468E+12,Mi chay HUONGSEN 85g,2,"5,200.00","10,400.00",,"5,200.00"
img_47_padded_0.jpg,"04902430415637 NX DOWNY doahoa thom mat\nVAT10%   1    129,900.00    129,900.00 \nGia goc:   159,000.00 ",4.90243E+12,NX DOWNY doahoa thom mat,1,"129,900.00","129,900.00",,"159,000.00"
img_48_padded_0.jpg,"08934755020063 BVS DIANAstham CoolFresh\nVAT10%   3    20,000.00    60,000.00 ",8.93476E+12,BVS DIANAstham CoolFresh,3,"20,000.00","60,000.00",,
img_48_padded_1.jpg,"08934755010019 BVS DIANA ksmui sieu tham\nVAT10%   2    16,400.00    32,800.00 \nGia goc:   17,500.00 ",8.93476E+12,BVS DIANA ksmui sieu tham,2,"16,400.00","32,800.00",,"17,500.00"
img_48_padded_2.jpg,"04902430418287 NX DOWNY doahoa ngotngao\nVAT10%   2    129,900.00    259,800.00 \nGia goc:   159,000.00 ",4.90243E+12,NX DOWNY doahoa ngotngao,2,"129,900.00","259,800.00",,"159,000.00"
img_48_padded_4.jpg,"04902430415637 NX DOWNY doahoa thom mat\nVAT10%   1    129,900.00    129,900.00 \nGia goc:   159,000.00 ",4.90243E+12,NX DOWNY doahoa thom mat,1,"129,900.00","129,900.00",,"159,000.00"
img_48_padded_5.jpg,"04902430918114 NX DOWNY dam me tui 3L\nVAT10%   1    162,900.00    162,900.00 \nGia goc:   189,000.00 ",4.90243E+12,NX DOWNY dam me tui 3L,1,"162,900.00","162,900.00",,"189,000.00"
img_48_padded_6.jpg,"08934868148951 BG Omo do 6kg\nVAT10%   1    179,900.00    179,900.00 \nGia goc:   238,000.00 ",8.93487E+12,BG Omo do 6kg,1,"179,900.00","179,900.00",,"238,000.00"
img_48_padded_7.jpg,"08934868112396 ST LiIFEBOUYbvevuottroi850\nVAT10%   1    146,900.00    146,900.00 \nGia goc:   153,500.00 ",8.93487E+12,ST LiIFEBOUYbvevuottroi850,1,"146,900.00","146,900.00",,"153,500.00"
img_48_padded_8.jpg,"04902430373913 DG H&S sach gau bac ha 1.\nVAT10%   1    352,000.00    352,000.00 \nGia goc:   363,000.00 ",4.90243E+12,DG H&S sach gau bac ha 1.,1,"352,000.00","352,000.00",,"363,000.00"
img_49_padded_0.jpg,"08934637513423 Tuongot CHOLIMEX 830g\nVAT10%   1    26,800.00    26,800.00 ",8.93464E+12,Tuongot CHOLIMEX 830g,1,"26,800.00","26,800.00",,
img_49_padded_1.jpg,"08934822170219 N.taoStr.BowDarkFRUIT ch3\nVAT10%   1    18,300.00    18,300.00 ",8.93482E+12,N.taoStr.BowDarkFRUIT ch3,1,"18,300.00","18,300.00",,
img_49_padded_2.jpg,"04902430678773 BCDR ORAL-B Micro s.mem (\nVAT10%   1    28,000.00    28,000.00 ",4.90243E+12,BCDR ORAL-B Micro s.mem (,1,"28,000.00","28,000.00",,
img_49_padded_4.jpg,"08935019598748 Xxich Duc LEGOUR. 500g\nVAT10%   1    114,500.00    114,500.00 ",8.93502E+12,Xxich Duc LEGOUR. 500g,1,"114,500.00","114,500.00",,
img_49_padded_5.jpg,"04902430415637 NX Downy doahoa thom mat\nVAT10%   1    129,900.00    129,900.00 \nGia goc:   159,000.00 ",4.90243E+12,NX Downy doahoa thom mat,1,"129,900.00","129,900.00",,"159,000.00"
img_52_padded_0.jpg,"04902430779746 NX DOWNY doahoa ngotngao\nVAT10%   1    88,000.00    88,000.00 \nGia goc:   103,000.00 ",4.90243E+12,NX DOWNY doahoa ngotngao,1,"88,000.00","88,000.00",,"103,000.00"
img_53_padded_0.jpg,"04902430415637 NX DOWNY doahoa thom mat\nVAT10%   1    129,900.00    129,900.00 \nGia goc:   159,000.00 ",4.90243E+12,NX DOWNY doahoa thom mat,1,"129,900.00","129,900.00",,"159,000.00"
img_53_padded_1.jpg,"08851818564985 BVS LAURIER ngay smc 20M\nVAT10%   1    31,000.00    31,000.00 \nGia goc:   39,000.00 ",8.85182E+12,BVS LAURIER ngay smc 20M,1,"31,000.00","31,000.00",,"39,000.00"
img_54_padded_0.jpg,"08936040501264 Noi ham inox 430 TiThaFac\nVAT10%   1    283,000.00    283,000.00 \nGia goc:   399,000.00 ",8.93604E+12,Noi ham inox 430 TiThaFac,1,"283,000.00","283,000.00",,"399,000.00"
img_54_padded_1.jpg,"08851130050340 Dao inox Kiwi 502\nVAT10%   1    51,000.00    51,000.00 \nGia goc:   31,900.00 ",8.85113E+12,Dao inox Kiwi 502,1,"51,000.00","51,000.00",,"31,900.00"
img_54_padded_2.jpg,"08851130050586 Dao ch.xuong KIWI 850P can\nVAT10%   1    178,000.00    178,000.00 ",8.85113E+12,Dao ch.xuong KIWI 850P can,1,"178,000.00","178,000.00",,
img_54_padded_3.jpg,"08934726010611 Thotgo tronkhoen01061-30x\nVAT10%   1    93,000.00    93,000.00 ",8.93473E+12,Thotgo tronkhoen01061-30x,1,"93,000.00","93,000.00",,
img_54_padded_4.jpg,"08936041110250 Choi quet nuoc nhua NP025\nVAT10%   1    52,500.00    52,500.00 ",8.93604E+12,Choi quet nuoc nhua NP025,1,"52,500.00","52,500.00",,
img_54_padded_5.jpg,"06931444958234 Co toilet Shunmei SM5823\nVAT10%   1    48,000.00    48,000.00 ",6.93144E+12,Co toilet Shunmei SM5823,1,"48,000.00","48,000.00",,
img_54_padded_6.jpg,"04902430418287 NX DOWNY doahoa ngotngao\nVAT10%   1    129,900.00    129,900.00 \nGia goc:   159,000.00 ",4.90243E+12,NX DOWNY doahoa ngotngao,1,"129,900.00","129,900.00",,"159,000.00"
img_54_padded_7.jpg,"04902430415637 NX DOWNY doahoa thom mat\nVAT10%   1    129,900.00    129,900.00 \nGia goc:   159,000.00 ",4.90243E+12,NX DOWNY doahoa thom mat,1,"129,900.00","129,900.00",,"159,000.00"
img_110_padded_0.jpg,"04902430418287  NX DOWNY doahoa ngotngao \nVAT10%   1    129,900.00    129,900.00 \nGia goc:   159,000.00 ",4.90243E+12,NX DOWNY doahoa ngotngao ,1,"129,900.00","129,900.00",,"159,000.00"
img_110_padded_1.jpg,"04902430415637  NX DOWNY doahoa thom mat\nVAT10%   1    129,900.00    129,900.00 \nGia goc:   159,000.00 ",4.90243E+12,NX DOWNY doahoa thom mat,1,"129,900.00","129,900.00",,"159,000.00"
img_110_padded_2.jpg,"08934707027478  Hn Knorr nam huong organi\nVAT10%   1    30,900.00    30,900.00 \nGia goc:   37,700.00 ",8.93471E+12,Hn Knorr nam huong organi,1,"30,900.00","30,900.00",,"37,700.00"
img_110_padded_3.jpg,"08934804038186  NESCAFE sua vi hnhan 10x \nVAT10%   1    52,500.00    52,500.00 ",8.9348E+12,NESCAFE sua vi hnhan 10x ,1,"52,500.00","52,500.00",,
img_110_padded_4.jpg,"08934804038186  NESCAFE sua vi hnhan 10x \nVAT10%   1    52,500.00    52,500.00 ",8.9348E+12,NESCAFE sua vi hnhan 10x ,1,"52,500.00","52,500.00",,
img_110_padded_5.jpg,"08936034200116  Banh phomai que TraMi 10q\nVAT10%   1    92,000.00    92,000.00 ",8.93603E+12,Banh phomai que TraMi 10q,1,"92,000.00","92,000.00",,
img_110_padded_6.jpg,"00000002954486  Pate heo kg-BMQ\nVAT10%    187,900.00    37,580.00 \n0.200 KG",2954486,Pate heo kg-BMQ, 0.200 KG ,"187,900.00","37,580.00",,
img_111_padded_0.jpg,"04902430418287  NX DOWNY doahoa ngot ngao\nVAT10%   1    129,900.00    129,900.00 \nGia goc:   159,000.00 ",4.90243E+12,NX DOWNY doahoa ngot ngao,1,"129,900.00","129,900.00",,"159,000.00"
img_111_padded_1.jpg,"08850007811251  NSM LISTERINE coolmint 75\nVAT10%   1    139,000.00    139,000.00 ",8.85001E+12,NSM LISTERINE coolmint 75,1,"139,000.00","139,000.00",,
img_111_padded_2.jpg,"08934680012027  B.lat ktay SLIDE cay 100g\nVAT10%   1    27,000.00    27,000.00 \nGia goc:   31,300.00 ",8.93468E+12,B.lat ktay SLIDE cay 100g,1,"27,000.00","27,000.00",,"31,300.00"
img_111_padded_3.jpg,"08691275850227  Bong ttrang Jomi 120M\nVAT10%   1    32,500.00    32,500.00 ",8.69128E+12,Bong ttrang Jomi 120M,1,"32,500.00","32,500.00",,
img_111_padded_4.jpg,"08935241703255  Cay lan bui Coop Select 9\nVAT10%   1    31,500.00    31,500.00 \nGia goc:   39,000.00 ",8.93524E+12,Cay lan bui Coop Select 9,1,"31,500.00","31,500.00",,"39,000.00"
img_112_padded_0.jpg,"04902430418287  NX DOWNY doahoa ngotngao\nVAT10%   1    129,900.00    129,900.00 \nGia goc:   159,000.00 ",4.90243E+12,NX DOWNY doahoa ngotngao,1,"129,900.00","129,900.00",,"159,000.00"
img_112_padded_1.jpg,"04902430415637  NX DOWNY doahoa thom mat\nVAT10%   1    129,900.00    129,900.00 \nGia goc:   159,000.00 ",4.90243E+12,NX DOWNY doahoa thom mat,1,"129,900.00","129,900.00",,"159,000.00"
img_112_padded_2.jpg,"08934707027478  Hn Knorr nam huong organi \nVAT10%   1    30,900.00    30,900.00 \nGia goc:   37,700.00 ",8.93471E+12,Hn Knorr nam huong organi ,1,"30,900.00","30,900.00",,"37,700.00"
img_112_padded_3.jpg,"08934804038186  NESCAFE sua vị h.nhan 10x\nVAT10%   1    52,500.00    52,500.00 ",8.9348E+12,NESCAFE sua vị h.nhan 10x,1,"52,500.00","52,500.00",,
img_112_padded_4.jpg,"08934804038186  NESCAFE sua vi h.nhan 10x \nVAT10%   1    52,500.00    52,500.00 ",8.9348E+12,NESCAFE sua vi h.nhan 10x ,1,"52,500.00","52,500.00",,
img_112_padded_5.jpg,"08936034200116  Banh phomai que Trami 10q\nVAT10%   1    92,000.00    92,000.00 ",8.93603E+12,Banh phomai que Trami 10q,1,"92,000.00","92,000.00",,
img_112_padded_6.jpg,"00000002954486  Pate heo kg-BMQ\nVAT10%    187,900.00    37,580.00 \n0.200 KG",2954486,Pate heo kg-BMQ, 0.200 KG ,"187,900.00","37,580.00",,
img_115_padded_0.jpg,"04902430418287  NX DOWNY doahoa ngotngao\nVAT10%   2    129,900.00    259,800.00 \nGia goc:   159,000.00 ",4.90243E+12,NX DOWNY doahoa ngotngao,2,"129,900.00","259,800.00",,"159,000.00"
img_115_padded_1.jpg,"04902430567152  BG Ariel Downy dam me 5kg\nVAT10%   1    193,900.00    193,900.00 \nGia goc:   238,000.00 ",4.90243E+12,BG Ariel Downy dam me 5kg,1,"193,900.00","193,900.00",,"238,000.00"
img_116_padded_0.jpg,"08934680042871  B.blancuon SOL.k.bosua hg\nVAT10%   1    47,000.00    47,000.00 ",8.93468E+12,B.blancuon SOL.k.bosua hg,1,"47,000.00","47,000.00",,
img_116_padded_1.jpg,"08934588193101  N.ep TWISTER cam pet 1L\nVAT10%   1    195,000.00    195,000.00 ",8.93459E+12,N.ep TWISTER cam pet 1L,1,"195,000.00","195,000.00",,
img_116_padded_2.jpg,"00000002950028  Bap cai thao Kg \nVAT10%    18,200.00    10,920.00 \n0.600 KG",2950028,Bap cai thao Kg , 0.600 KG ,"18,200.00","10,920.00",,
img_116_padded_3.jpg,"08934673601825   S-Schua an VNM nha dam4hx\nVAT10%   2    28,300.00    56,600.00 ",8.93467E+12, S-Schua an VNM nha dam4hx,2,"28,300.00","56,600.00",,
img_116_padded_4.jpg,"08934673400510   SCU m.song Probi cd 5x65m\nVAT10%   1    20,900.00    20,900.00 \nGia goc:   22,500.00 ",8.93467E+12, SCU m.song Probi cd 5x65m,1,"20,900.00","20,900.00",,"22,500.00"
img_116_padded_5.jpg,"08934673435505  SCU m.song Probi d.gang 5\nVAT10%   1    20,900.00    20,900.00 \nGia goc:   22,500.00 ",8.93467E+12,SCU m.song Probi d.gang 5,1,"20,900.00","20,900.00",,"22,500.00"
img_116_padded_6.jpg,"08935217413003  Schua an TH True cd 4x100 \nVAT10%   1    25,500.00    25,500.00 ",8.93522E+12,Schua an TH True cd 4x100 ,1,"25,500.00","25,500.00",,
img_116_padded_7.jpg,"08934673320566  SCU m.song Probi v.quat 5\nVAT10%   1    20,900.00    20,900.00 \nGia goc:   22,500.00 ",8.93467E+12,SCU m.song Probi v.quat 5,1,"20,900.00","20,900.00",,"22,500.00"
img_116_padded_8.jpg,"08936136161891  2N.tuong Chinsu 250ml+KM\nVAT10%   1    22,800.00    22,800.00 \nGia goc:   24,000.00 ",8.93614E+12,2N.tuong Chinsu 250ml+KM,1,"22,800.00","22,800.00",,"24,000.00"
img_116_padded_9.jpg,"08935072630041   Ca vien Basa AGIFISH 250g \nVAT10%   1    20,900.00    20,900.00 ",8.93507E+12, Ca vien Basa AGIFISH 250g ,1,"20,900.00","20,900.00",,
img_116_padded_10.jpg,"08934804026817  NtuongMAGGId.nanh700ml\nVAT10%   1    25,200.00    25,200.00 ",8.9348E+12,NtuongMAGGId.nanh700ml,1,"25,200.00","25,200.00",,
img_116_padded_11.jpg,"08934804026817  NtuongMAGGId.nanh700ml\nVAT10%   1    25,200.00    25,200.00 ",8.9348E+12,NtuongMAGGId.nanh700ml,1,"25,200.00","25,200.00",,
img_116_padded_12.jpg,"09556086010507  Sot Tomato ketchup LIFE 3\nVAT10%   1    22,000.00    22,000.00 ",9.55609E+12,Sot Tomato ketchup LIFE 3,1,"22,000.00","22,000.00",,
img_116_padded_14.jpg,"08934572174345   XXich heo VISS. 4cayx40g\nVAT10%   1    17,900.00    17,900.00 ",8.93457E+12, XXich heo VISS. 4cayx40g,1,"17,900.00","17,900.00",,
img_116_padded_15.jpg,"08934572174345   XXich heo VISS. 4cayx40g\nVAT10%   1    17,900.00    17,900.00 ",8.93457E+12, XXich heo VISS. 4cayx40g,1,"17,900.00","17,900.00",,
img_116_padded_16.jpg,"04902430779746  NX DOWNY doahoa ngotngao \nVAT10%   1    88,000.00    88,000.00 \nGia goc:   103,000.00 ",4.90243E+12,NX DOWNY doahoa ngotngao ,1,"88,000.00","88,000.00",,"103,000.00"
img_117_padded_0.jpg,"04902430415637  NX DOWNY doahoa thom mat\nVAT10%   1    129,900.00    129,900.00 \nGia goc:   159,000.00 ",4.90243E+12,NX DOWNY doahoa thom mat,1,"129,900.00","129,900.00",,"159,000.00"
img_118_padded_0.jpg,"04902430418287 NX DOWNY doahoa ngotngao \nVAT10%   2    129,900.00    259,800.00 \nGia goc:   159,000.00 ",4.90243E+12,NX DOWNY doahoa ngotngao ,2,"129,900.00","259,800.00",,"159,000.00"
img_119_padded_0.jpg,"04902430415637  NX DOWNY doahoa thom mat\nVAT10%   1    129,900.00    129,900.00 \nGia goc:   159,000.00 ",4.90243E+12,NX DOWNY doahoa thom mat,1,"129,900.00","129,900.00",,"159,000.00"
img_119_padded_1.jpg,"08935212811491  STG Romano 2in1 Force 650\nVAT10%   1    162,000.00    162,000.00 ",8.93521E+12,STG Romano 2in1 Force 650,1,"162,000.00","162,000.00",,
img_119_padded_2.jpg,"08935049501596  NGK Schwep soda lon 320ml\nVAT10%   1    6,100.00    6,100.00 ",8.93505E+12,NGK Schwep soda lon 320ml,1,"6,100.00","6,100.00",,
img_120_padded_0.jpg,"04902430779746  NX DOWNY doahoa ngotngao\nVAT10%   1    38,053.21    38,053.21 \nSo tien giam tuong ung:   49,946.79 \nGia goc:   103,000.00 ",4.90243E+12,NX DOWNY doahoa ngotngao,1,"38,053.21","38,053.21","49,946.79","103,000.00"
img_120_padded_1.jpg,"08934662281038   DG Men Power Coop Select \nVAT10%   1    16,864.49    16,864.49 \nSo tien giam tuong ung:   22,135.51 \nGia goc:   65,000.00 ",8.93466E+12, DG Men Power Coop Select ,1,"16,864.49","16,864.49","22,135.51","65,000.00"
img_120_padded_2.jpg,"04902430307901  DG H&S sach gau bac ha 85 \nVAT10%   1    66,982.30    66,982.30 \nSo tien giam tuong ung:   87,917.70 \nGia goc:   189,000.00 ",4.90243E+12,DG H&S sach gau bac ha 85 ,1,"66,982.30","66,982.30","87,917.70","189,000.00"
img_121_padded_0.jpg,"04902430418287  NX DOWNY doahoa ngotngao\nVAT10%   2    129,900.00    259,800.00 \nGia goc:   159,000.00 ",4.90243E+12,NX DOWNY doahoa ngotngao,2,"129,900.00","259,800.00",,"159,000.00"
img_123_padded_0.jpg,"04902430415637  NX DOWNY doahoa thom mat\nVAT10%   1    129,900.00    129,900.00 \nGia goc:   159,000.00 ",4.90243E+12,NX DOWNY doahoa thom mat,1,"129,900.00","129,900.00",,"159,000.00"
img_123_padded_1.jpg,"08934868148890  GelTay toiletVIM tht&0.hg\nVAT10%   1    29,000.00    29,000.00 \nGia goc:   38,000.00 ",8.93487E+12,GelTay toiletVIM tht&0.hg,1,"29,000.00","29,000.00",,"38,000.00"
img_123_padded_2.jpg,"08936052100295  Dau an HAPPI KOKI 2L \nVAT10%   1    49,900.00    49,900.00 \nGia goc:   58,000.00 ",8.93605E+12,Dau an HAPPI KOKI 2L ,1,"49,900.00","49,900.00",,"58,000.00"
img_123_padded_3.jpg,"08935063603405  Tom chua NGOCLIEN 430g \nVAT10%   1    122,900.00    122,900.00 ",8.93506E+12,Tom chua NGOCLIEN 430g ,1,"122,900.00","122,900.00",,
img_123_padded_4.jpg,"08935063603405  Tom chua NGOCLIEN 430g \nVAT10%   1    122,900.00    122,900.00 ",8.93506E+12,Tom chua NGOCLIEN 430g ,1,"122,900.00","122,900.00",,
img_123_padded_5.jpg,"08936017368395  Nm NamNgu 3in1 pet 10g/l\nVAT10%   1    34,500.00    34,500.00 \nGia goc:   41,200.00 ",8.93602E+12,Nm NamNgu 3in1 pet 10g/l,1,"34,500.00","34,500.00",,"41,200.00"
img_123_padded_6.jpg,"08936017368395  Nm NamNgu 3in1 pet 10g/l\nVAT10%   1    34,500.00    34,500.00 \nGia goc:   41,200.00 ",8.93602E+12,Nm NamNgu 3in1 pet 10g/l,1,"34,500.00","34,500.00",,"41,200.00"
img_123_padded_7.jpg,"08996001320051  Keo cafe KOPIKO 150g\nVAT10%   1    14,800.00    14,800.00 ",8.996E+12,Keo cafe KOPIKO 150g,1,"14,800.00","14,800.00",,
img_123_padded_8.jpg,"08934563455149  Hu tieu NHIPS0NG vi nvang\nVAT10%   1    6,800.00    6,800.00 ",8.93456E+12,Hu tieu NHIPS0NG vi nvang,1,"6,800.00","6,800.00",,
img_123_padded_9.jpg,"08852052150101  Banh Snack RUAY PUAN tom\nVAT10%   5    4,000.00    20,000.00 ",8.85205E+12,Banh Snack RUAY PUAN tom,5,"4,000.00","20,000.00",,
img_123_padded_10.jpg,"08936104380323  Mi CungDinh Koolspaghetil \nVAT10%   2    7,400.00    14,800.00 ",8.9361E+12,Mi CungDinh Koolspaghetil ,2,"7,400.00","14,800.00",,
img_123_padded_11.jpg,"08934563461140  Hu tieuNHIPSUNG vi bo kho\nVAT10%   1    6,800.00    6,800.00 ",8.93456E+12,Hu tieuNHIPSUNG vi bo kho,1,"6,800.00","6,800.00",,
img_129_padded_0.jpg,"04902430415637  NX DOWNY doahoa thom mat\nVAT10%   1    129,900.00    129,900.00 \nGia goc:   159,000.00 ",4.90243E+12,NX DOWNY doahoa thom mat,1,"129,900.00","129,900.00",,"159,000.00"
img_131_padded_0.jpg,"04902430779708 NX downy doahoa thom mat\nVAT10%   1    88,000.00    88,000.00 \nGia goc:   103,000.00 ",4.90243E+12,NX downy doahoa thom mat,1,"88,000.00","88,000.00",,"103,000.00"
img_132_padded_0.jpg,"04902430779746 NX downy doahoa ngotngao\nVAT10%   1    88,000.00    88,000.00 \nGia goc:   103,000.00 ",4.90243E+12,NX downy doahoa ngotngao,1,"88,000.00","88,000.00",,"103,000.00"
img_134_padded_0.jpg,"04902430418287 NX DOWNY doahoa ngotngao\nVAT10%   1    129,000.00    129,000.00 \nGia goc:   159,000.00 ",4.90243E+12,NX DOWNY doahoa ngotngao,1,"129,000.00","129,000.00",,"159,000.00"
img_136_padded_0.jpg,"08936029480016 Trung vit tuoi hop 10T/vi\nVAT10%   1    34,900.00    34,900.00 ",8.93603E+12,Trung vit tuoi hop 10T/vi,1,"34,900.00","34,900.00",,
img_136_padded_1.jpg,"08936029480030 Trung ga 10t/hop - BAHUAN\nVAT10%   1    26,000.00    26,000.00 ",8.93603E+12,Trung ga 10t/hop - BAHUAN,1,"26,000.00","26,000.00",,
img_136_padded_2.jpg,"04902430779708  NX DOWNY doahoa thom mat\nVAT10%   1    88,000.00    88,000.00 \nGia goc:   103,000.00 ",4.90243E+12,NX DOWNY doahoa thom mat,1,"88,000.00","88,000.00",,"103,000.00"
img_136_padded_3.jpg,"04902430647250 BG Tide huong Downy 3.8kg\nVAT10%   1    127,000.00    127,000.00 \nGia goc:   153,000.00 ",4.90243E+12,BG Tide huong Downy 3.8kg,1,"127,000.00","127,000.00",,"153,000.00"
img_137_padded_0.jpg,"08936029480030 Trung ga 10t/hop - BAHUAN\nVAT10%   1    26,000.00    26,000.00 ",8.93603E+12,Trung ga 10t/hop - BAHUAN,1,"26,000.00","26,000.00",,
img_137_padded_1.jpg,"08936029480030 Trung ga 10t/hop - BAHUAN\nVAT10%   1    26,000.00    26,000.00 ",8.93603E+12,Trung ga 10t/hop - BAHUAN,1,"26,000.00","26,000.00",,
img_137_padded_2.jpg,"04902430415637 NX DOWNY doahoa thom mat\nVAT10%   1    129,900.00    129,900.00 \nGia goc:   159,000.00 ",4.90243E+12,NX DOWNY doahoa thom mat,1,"129,900.00","129,900.00",,"159,000.00"
img_137_padded_4.jpg,"08936004810029 NMdsan HUNGTHINH38-42g/17\nVAT10%   1    76,000.00    76,000.00 ",8.936E+12,NMdsan HUNGTHINH38-42g/17,1,"76,000.00","76,000.00",,
img_137_padded_5.jpg,"08935015702606 NMam HANHPHUC 60N 250ml\nVAT10%   1    58,500.00    58,500.00 ",8.93502E+12,NMam HANHPHUC 60N 250ml,1,"58,500.00","58,500.00",,
img_137_padded_6.jpg,"08935015702606 NMam HANHPHUC 60N 250ml\nVAT10%   1    58,500.00    58,500.00 ",8.93502E+12,NMam HANHPHUC 60N 250ml,1,"58,500.00","58,500.00",,
img_138_padded_0.jpg,"04902430779708 NX DOWNY doahoa thom mat\nVAT10%   1    88,000.00    88,000.00 \nGia goc:   103,000.00 ",4.90243E+12,NX DOWNY doahoa thom mat,1,"88,000.00","88,000.00",,"103,000.00"
img_138_padded_1.jpg,"08935125817122  BG ABA Nhiet s.tinh tuom\nVAT10%   1    36,000.00    36,000.00 ",8.93513E+12,BG ABA Nhiet s.tinh tuom,1,"36,000.00","36,000.00",,
img_138_padded_2.jpg,"08998889836006 Ban chai giat do nhua NGT\nVAT10%   1    19,000.00    19,000.00 ",8.99889E+12,Ban chai giat do nhua NGT,1,"19,000.00","19,000.00",,
img_138_padded_3.jpg,"08935015510737 Duong KT/mia cao cap BH50\nVAT10%   1    9,600.00    9,600.00 \nGia goc:   10,500.00 ",8.93502E+12,Duong KT/mia cao cap BH50,1,"9,600.00","9,600.00",,"10,500.00"
img_140_padded_0.jpg,"04902430415637 NX DOWNY doahoa thom mat\nVAT10%   2    129,900.00    259,800.00 \nGia goc:   159,000.00 ",4.90243E+12,NX DOWNY doahoa thom mat,2,"129,900.00","259,800.00",,"159,000.00"
img_141_padded_0.jpg,"04902430415637 NX DOWNY doahoa thom mat\nVAT10%   2    129,900.00    259,800.00 \nGia goc:   159,000.00 ",4.90243E+12,NX DOWNY doahoa thom mat,2,"129,900.00","259,800.00",,"159,000.00"
img_142_padded_0.jpg,"04902430415637 NX DOWNY doahoa thom mat\nVAT10%   2    129,900.00    259,800.00 \nGia goc:   159,000.00 ",4.90243E+12,NX DOWNY doahoa thom mat,2,"129,900.00","259,800.00",,"159,000.00"
img_142_padded_1.jpg,"04902430784344 NG ARIELmatic tui 2.4kg\nVAT10%   12    111,900.00    1,342,800.00 \nGia goc:   139,000.00 ",4.90243E+12,NG ARIELmatic tui 2.4kg,12,"111,900.00","1,342,800.00",,"139,000.00"
img_143_padded_0.jpg,"04902430779746 NX DOWNY doahoa ngotngao\nVAT10%   1    88,000.00    88,000.00 \nGia goc:   103,000.00 ",4.90243E+12,NX DOWNY doahoa ngotngao,1,"88,000.00","88,000.00",,"103,000.00"
img_144_padded_0.jpg,"04902430418287 NX DOWNY doahoa ngotngao\nVAT10%   1    129,000.00    129,000.00 \nGia goc:   159,000.00 ",4.90243E+12,NX DOWNY doahoa ngotngao,1,"129,000.00","129,000.00",,"159,000.00"
img_144_padded_1.jpg,"02000133874743 S-KGiay hop tx Coop Selec \nVAT10%   1    29,500.00    29,500.00 \nGia goc:   33,900.00 ",2.00013E+12,S-KGiay hop tx Coop Selec ,1,"29,500.00","29,500.00",,"33,900.00"
img_144_padded_2.jpg,"08936036831207 Khay da nap day HPL51-9vi\nVAT10%   1    31,000.00    31,000.00 ",8.93604E+12,Khay da nap day HPL51-9vi,1,"31,000.00","31,000.00",,
img_144_padded_3.jpg,"08938500053597 Khay da nhua HPL12-21vien\nVAT10%   1    19,000.00    19,000.00 ",8.9385E+12,Khay da nhua HPL12-21vien,1,"19,000.00","19,000.00",,
img_144_padded_4.jpg,"08938500053542 Khay da bia nhua HPL08 \nVAT10%   1    19,000.00    19,000.00 ",8.9385E+12,Khay da bia nhua HPL08 ,1,"19,000.00","19,000.00",,
img_144_padded_6.jpg,"08888336033174 BVS KOTEX dem dang quan M\nVAT10%   4    31,600.00    126,400.00 ",8.88834E+12,BVS KOTEX dem dang quan M,4,"31,600.00","126,400.00",,
img_144_padded_7.jpg,"08888336033174 BVS KOTEX dem dang quan M\nVAT10%   1    31,600.00    31,600.00 ",8.88834E+12,BVS KOTEX dem dang quan M,1,"31,600.00","31,600.00",,
img_144_padded_8.jpg,"08888336023267 BVS KOTEXsieu mem dem35cm\nVAT10%   6    18,000.00    108,000.00 ",8.88834E+12,BVS KOTEXsieu mem dem35cm,6,"18,000.00","108,000.00",,
img_144_padded_9.jpg,"08934755010408 BVS DIANAsen.CoolFr.dem35\nVAT10%   2    19,500.00    39,000.00 \nGia goc:   20,800.00 ",8.93476E+12,BVS DIANAsen.CoolFr.dem35,2,"19,500.00","39,000.00",,"20,800.00"
img_144_padded_10.jpg,"08936196710084 C-K.trang yte AnCareTE ho\nVAT10% 1   28,000.00    28,000.00 \nGia goc:   30,600.00 ",8.9362E+12,C-K.trang yte AnCareTE ho,1,"28,000.00","28,000.00",,"30,600.00"
img_144_padded_11.jpg,"08934868145264  XB Lifebuoy macha&kqua 90\nVAT10%   1    16,000.00    16,000.00 ",8.93487E+12,XB Lifebuoy macha&kqua 90,1,"16,000.00","16,000.00",,
img_144_padded_12.jpg,"08936039275923 Ke nhua tien dung dn TL1\nVAT10%   1    28,000.00    28,000.00 ",8.93604E+12,Ke nhua tien dung dn TL1,1,"28,000.00","28,000.00",,
img_144_padded_13.jpg,"08938502530171 K.uot baby CoopSelect kim\nVAT10%   4    18,500.00    74,000.00 \nGia goc:   21,900.00 ",8.9385E+12,K.uot baby CoopSelect kim,4,"18,500.00","74,000.00",,"21,900.00"
img_144_padded_14.jpg,"08938516870263 Nep sap Meizan Long An 1k\nVAT10%   1    25,900.00    25,900.00 \nGia goc:   28,300.00 ",8.93852E+12,Nep sap Meizan Long An 1k,1,"25,900.00","25,900.00",,"28,300.00"
img_145_padded_0.jpg,"04902430418287 NX DOWNY doahoa ngotngao\nVAT10%   1    129,000.00    129,000.00 \nGia goc:   159,000.00 ",4.90243E+12,NX DOWNY doahoa ngotngao,1,"129,000.00","129,000.00",,"159,000.00"
img_145_padded_1.jpg,"04902430418287 NX DOWNY doahoa ngotngao\nVAT10%   1    129,000.00    129,000.00 \nGia goc:   159,000.00 ",4.90243E+12,NX DOWNY doahoa ngotngao,1,"129,000.00","129,000.00",,"159,000.00"
img_145_padded_2.jpg,"08934868112396 ST LIFEBUOYbvevuottroi850\nVAT10%   1    146,900.00    146,900.00 \nGia goc:   153,500.00 ",8.93487E+12,ST LIFEBUOYbvevuottroi850,1,"146,900.00","146,900.00",,"153,500.00"
img_146_padded_0.jpg,"04902430418287 NX DOWNY doahoa ngotngao\nVAT10%   1    129,000.00    129,000.00 \nGia goc:   159,000.00 ",4.90243E+12,NX DOWNY doahoa ngotngao,1,"129,000.00","129,000.00",,"159,000.00"
img_146_padded_1.jpg,"08936065073401  ST Purite hoa mau don 850 \nVAT10%   1    218,000.00    218,000.00 ",8.93607E+12,ST Purite hoa mau don 850 ,1,"218,000.00","218,000.00",,
img_146_padded_2.jpg,"08936065074378 ST OLIVdetox s.sau bve da\nVAT10%   1    149,500.00    149,500.00 \nGia goc:   165,000.00 ",8.93607E+12,ST OLIVdetox s.sau bve da,1,"149,500.00","149,500.00",,"165,000.00"
img_146_padded_3.jpg,"08936065074361 ST OLIVdetox s.sau bve da\nVAT10%   1    66,000.00    66,000.00 ",8.93607E+12,ST OLIVdetox s.sau bve da,1,"66,000.00","66,000.00",,
img_146_padded_4.jpg,"08936032232060 Kem tay long Cleo da thuo\nVAT10%   1    50,800.00    50,800.00 \nGia goc:   62,500.00 ",8.93603E+12,Kem tay long Cleo da thuo,1,"50,800.00","50,800.00",,"62,500.00"
img_146_padded_5.jpg,"08851818564985  BVS Laurier ngay smc 20M\nVAT10%   2    31,000.00    62,000.00 \nGia goc:   39,000.00 ",8.85182E+12,BVS Laurier ngay smc 20M,2,"31,000.00","62,000.00",,"39,000.00"
img_146_padded_6.jpg,"08859578600257 Keo the Playmore dua hau\nVAT10%   1    29,800.00    29,800.00 ",8.85958E+12,Keo the Playmore dua hau,1,"29,800.00","29,800.00",,
img_151_padded_0.jpg,"08934669240267  NG LIX huong nuoc hoa 3.8\nVAT10%   1    91,000.00    91,000.00 \nGia goc:   179,000.00 ",8.93467E+12,NG LIX huong nuoc hoa 3.8,1,"91,000.00","91,000.00",,"179,000.00"
img_151_padded_1.jpg,"08936013254012 NLS GIFT huong ylang 1L\nVAT10%   1    28,900.00    28,900.00 ",8.93601E+12,NLS GIFT huong ylang 1L,1,"28,900.00","28,900.00",,
img_151_padded_2.jpg,"04902430418287  NX DOWNY doahoa ngotngao\nVAT10%   1    129,900.00    129,900.00 \nGia goc:   159,000.00 ",4.90243E+12,NX DOWNY doahoa ngotngao,1,"129,900.00","129,900.00",,"159,000.00"
img_151_padded_3.jpg,"08851818549791 NG ATTACK km oaihuong tui\nVAT10%   1    78,500.00    78,500.00 \nGia goc:   89,000.00 ",8.85182E+12,NG ATTACK km oaihuong tui,1,"78,500.00","78,500.00",,"89,000.00"
img_151_padded_4.jpg,"08801353004422 @Tuithom tu giaySANDOKKAE\nVAT10%   1    33,900.00    33,900.00 ",8.80135E+12,@Tuithom tu giaySANDOKKAE,1,"33,900.00","33,900.00",,
img_151_padded_5.jpg,"08936013256016 Sthom Ami Lavender tgian\nVAT10%   1    33,900.00    33,900.00 \nGia goc:   40,500.00 ",8.93601E+12,Sthom Ami Lavender tgian,1,"33,900.00","33,900.00",,"40,500.00"
img_151_padded_6.jpg,"08938502122314 Tuithom SENSIA Lavender\nVAT10%   1    21,200.00    21,200.00 ",8.9385E+12,Tuithom SENSIA Lavender,1,"21,200.00","21,200.00",,
img_151_padded_7.jpg,"08938502122314 Tuithom SENSIA Lavender\nVAT10%   1    21,200.00    21,200.00 ",8.9385E+12,Tuithom SENSIA Lavender,1,"21,200.00","21,200.00",,
img_151_padded_8.jpg,"08935095042135 Bo muong dia Doraemon SP3\nVAT10%   1    28,000.00    28,000.00 ",8.9351E+12,Bo muong dia Doraemon SP3,1,"28,000.00","28,000.00",,
img_151_padded_9.jpg,"08935095041442 Bo muong nia Hello Kitty\nVAT10%   1    23,800.00    23,800.00 ",8.9351E+12,Bo muong nia Hello Kitty,1,"23,800.00","23,800.00",,
img_151_padded_10.jpg,"19333527005113 @Hang do dung 39k -LKTB990\nVAT10%   1    39,000.00    39,000.00 ",1.93335E+13,@Hang do dung 39k -LKTB990,1,"39,000.00","39,000.00",,
img_151_padded_11.jpg,"00000002956497 Bo Booth giong My kg\nVAT10%    26,000.00    22,880.00 \n0.880 KG",2956497,Bo Booth giong My kg, 0.880 KG ,"26,000.00","22,880.00",,
img_151_padded_12.jpg,"00000002951876  Vu sua loai 1 kg \nVAT10%    71,500.00    59,488.00 \n0.832 KG",2951876, Vu sua loai 1 kg , 0.832 KG ,"71,500.00","59,488.00",,
img_151_padded_13.jpg,"08691216090477 Keo deo HARIBO Star Mix 8\nVAT10%   1    25,500.00    25,500.00 \nGia goc:   25,500.00 ",8.69122E+12,Keo deo HARIBO Star Mix 8,1,"25,500.00","25,500.00",,"25,500.00"
img_151_padded_14.jpg,"00000002955689 @Bong cai xanh kg-BB&CC\nVAT10%    72,000.00    23,904.00 \n0.332 KG",2955689,@Bong cai xanh kg-BB&CC, 0.332 KG ,"72,000.00","23,904.00",,
img_152_padded_0.jpg,"04902430418287  NX DOWNY doahoa ngotngao\nVAT10%   1    129,900.00    129,900.00 \nGia goc:   159,000.00 ",4.90243E+12,NX DOWNY doahoa ngotngao,1,"129,900.00","129,900.00",,"159,000.00"
img_154_padded_0.jpg,"04902430418287 NX DOWNY doahoa ngotngao \nVAT10%   1    129,900.00    129,900.00 \nGia goc:   159,000.00 ",4.90243E+12,NX DOWNY doahoa ngotngao ,1,"129,900.00","129,900.00",,"159,000.00"
img_154_padded_1.jpg,"04902430418287 NX DOWNY doahoa ngotngao \nVAT10%   1    129,900.00    129,900.00 \nGia goc:   159,000.00 ",4.90243E+12,NX DOWNY doahoa ngotngao ,1,"129,900.00","129,900.00",,"159,000.00"
img_154_padded_2.jpg,"02003500075101 S-Sua trai cay NUTRI dau\nVAT10%   1    125,500.00    125,500.00 \nGia goc:   157,500.00 ",2.0035E+12,S-Sua trai cay NUTRI dau,1,"125,500.00","125,500.00",,"157,500.00"
img_154_padded_3.jpg,"08934683002162 Cafe ht 3in1 Gold VINA40x\nVAT10%   1    72,000.00    72,000.00 \nGia goc:   86,000.00 ",8.93468E+12,Cafe ht 3in1 Gold VINA40x,1,"72,000.00","72,000.00",,"86,000.00"
img_154_padded_4.jpg,"08850086191404  Bot OVALTINE hu 400g\nVAT10%   1    57,000.00    57,000.00 \nGia goc:   63,200.00 ",8.85009E+12,Bot OVALTINE hu 400g,1,"57,000.00","57,000.00",,"63,200.00"
img_154_padded_5.jpg,"08934673503358 Sua dinh duong VNM soco 2 \nVAT10%   2    6,200.00    12,400.00 \nGia goc:   7,000.00 ",8.93467E+12,Sua dinh duong VNM soco 2 ,2,"6,200.00","12,400.00",,"7,000.00"
img_154_padded_6.jpg,"08934673502351 Sua dinh duong VNM dau 22\nVAT10%   2    6,200.00    12,400.00 \nGia goc:   7,000.00 ",8.93467E+12,Sua dinh duong VNM dau 22,2,"6,200.00","12,400.00",,"7,000.00"
img_154_padded_7.jpg,"08934673500357 Sua dinh duong VNM cd 220\nVAT10%   2    6,200.00    12,400.00 \nGia goc:   7,000.00 ",8.93467E+12,Sua dinh duong VNM cd 220,2,"6,200.00","12,400.00",,"7,000.00"
img_154_padded_8.jpg,"08935006358140 SWT Otto c.bong X.Mayo ca\nVAT10%   2    6,400.00    12,800.00 \nGia goc:   9,200.00 ",8.93501E+12,SWT Otto c.bong X.Mayo ca,2,"6,400.00","12,800.00",,"9,200.00"
img_154_padded_9.jpg,"08935006359314 SW cahoi Roien XotMayo ca\nVAT10%   1    6,400.00    6,400.00 \nGia goc:   9,200.00 ",8.93501E+12,SW cahoi Roien XotMayo ca,1,"6,400.00","6,400.00",,"9,200.00"
img_154_padded_10.jpg,"00000002952360 Suon heo chat -VS990\nVAT10%    180,000.00    194,760.00 \n1.082 KG",2952360,Suon heo chat -VS990, 1.082 KG ,"180,000.00","194,760.00",,
img_155_padded_0.jpg,"04902430415637 NX DOWNY doahoa thom mat\nVAT10%   1    129,900.00    129,900.00 \nGia goc:   159,000.00 ",4.90243E+12,NX DOWNY doahoa thom mat,1,"129,900.00","129,900.00",,"159,000.00"
img_157_padded_0.jpg,"04902430415637 NX DOWNY doahoa thom mat\nVAT10%   1    129,900.00    129,900.00 \nGia goc:   159,000.00 ",4.90243E+12,NX DOWNY doahoa thom mat,1,"129,900.00","129,900.00",,"159,000.00"
img_157_padded_1.jpg,"04902430415637 NX DOWNY doahoa thom mat\nVAT10%   1    129,900.00    129,900.00 \nGia goc:   159,000.00 ",4.90243E+12,NX DOWNY doahoa thom mat,1,"129,900.00","129,900.00",,"159,000.00"
img_157_padded_2.jpg,"08934732201911   XCT JumboVape H.cam chanh \nVAT10%   1    65,000.00    65,000.00 ",8.93473E+12, XCT JumboVape H.cam chanh ,1,"65,000.00","65,000.00",,
img_157_padded_3.jpg,"08938507729792  K.an Coop Finest 33x33-10 \nVAT10%   1    10,900.00    10,900.00 \nGia goc:   12,500.00 ",8.93851E+12,K.an Coop Finest 33x33-10 ,1,"10,900.00","10,900.00",,"12,500.00"
img_157_padded_4.jpg,"08938507729792  K. an Coop Finest 33x33-10\nVAT10%   1    10,900.00    10,900.00 \nGia goc:   12,500.00 ",8.93851E+12,K. an Coop Finest 33x33-10,1,"10,900.00","10,900.00",,"12,500.00"
img_157_padded_5.jpg,"08938507729792  K. an Coop Finest 33x33-10\nVAT10%   1    10,900.00    10,900.00 \nGia goc:   12,500.00 ",8.93851E+12,K. an Coop Finest 33x33-10,1,"10,900.00","10,900.00",,"12,500.00"
img_157_padded_6.jpg,"08934673501354  Sua dinh duong VNM kd 220\nVAT10%   13    6,200.00    80,600.00 \nGia goc:   7,000.00 ",8.93467E+12,Sua dinh duong VNM kd 220,13,"6,200.00","80,600.00",,"7,000.00"
img_157_padded_7.jpg,"08935049006350  Sua DN Nuti canxi bich 20\nVAT10%   6    3,200.00    19,200.00 \nGia goc:   3,700.00 ",8.93505E+12,Sua DN Nuti canxi bich 20,6,"3,200.00","19,200.00",,"3,700.00"
img_157_padded_8.jpg,"08934579100460  Mi MILIKEL 2tom giay tran\nVAT10%   4    3,000.00    12,000.00 ",8.93458E+12,Mi MILIKEL 2tom giay tran,4,"3,000.00","12,000.00",,
img_157_padded_9.jpg,"08934679943325  Mi GAUDO vi tom & ga goi \nVAT10%   4    2,900.00    11,600.00 \nGia goc:   3,200.00 ",8.93468E+12,Mi GAUDO vi tom & ga goi ,4,"2,900.00","11,600.00",,"3,200.00"
img_157_padded_10.jpg,"08936049051548  Mi Jin spaghetti 100g\nVAT10%   1    12,200.00    12,200.00 ",8.93605E+12,Mi Jin spaghetti 100g,1,"12,200.00","12,200.00",,
img_157_padded_11.jpg,"08936049051548  Mi Jin spaghetti 100g\nVAT10%   1    12,200.00    12,200.00 ",8.93605E+12,Mi Jin spaghetti 100g,1,"12,200.00","12,200.00",,
img_157_padded_12.jpg,"08936049051548  Mi Jin spaghetti 100g \nVAT10%   1    12,200.00    12,200.00 ",8.93605E+12,Mi Jin spaghetti 100g ,1,"12,200.00","12,200.00",,
img_157_padded_13.jpg,"00000002950190  Gia song Kg\nVAT10%    13,000.00    4,030.00 \n0.310 KG",2950190,Gia song Kg, 0.310 KG ,"13,000.00","4,030.00",,
img_160_padded_0.jpg,"08934868150787  NG Surf huong choadkytui \nVAT10%   1    79,000.00    79,000.00 \nGia goc:   114,000.00 ",8.93487E+12,NG Surf huong choadkytui ,1,"79,000.00","79,000.00",,"114,000.00"
img_160_padded_1.jpg,"04902430877275  NX DOWNY phoi trong nha T\nVAT10%   1    129,900.00    129,900.00 \nGia goc:   159,000.00 ",4.90243E+12,NX DOWNY phoi trong nha T,1,"129,900.00","129,900.00",,"159,000.00"
img_160_padded_2.jpg,"08934868150756  NG Surf huongsmaidmat tui\nVAT10%   1    79,000.00    79,000.00 \nGia goc:   114,000.00 ",8.93487E+12,NG Surf huongsmaidmat tui,1,"79,000.00","79,000.00",,"114,000.00"
img_160_padded_3.jpg,"04902430418287  NX DOWNY doahoa ngotngao\nVAT10%   1    129,900.00    129,900.00 \nGia goc:   159,000.00 ",4.90243E+12,NX DOWNY doahoa ngotngao,1,"129,900.00","129,900.00",,"159,000.00"
